{
  "layer_0_q_proj": 6.1009313355953054e-05,
  "layer_0_v_proj": 0.0006599217303664773,
  "layer_1_q_proj": 4.789887545143756e-05,
  "layer_1_v_proj": 0.0005566169430903756,
  "layer_2_q_proj": 7.451578804875681e-05,
  "layer_2_v_proj": 0.0006550354404498649,
  "layer_3_q_proj": 9.357541145618597e-05,
  "layer_3_v_proj": 0.0005194396640581544,
  "layer_4_q_proj": 0.00014358459222421516,
  "layer_4_v_proj": 0.000583587196647386,
  "layer_5_q_proj": 0.0001359311480064207,
  "layer_5_v_proj": 0.000490366494900627,
  "layer_6_q_proj": 0.00012236742882578257,
  "layer_6_v_proj": 0.0004508561623924834,
  "layer_7_q_proj": 0.00010549354594786565,
  "layer_7_v_proj": 0.00038264992563654234,
  "layer_8_q_proj": 9.46373298825165e-05,
  "layer_8_v_proj": 0.00037829800866802545,
  "layer_9_q_proj": 0.00011353580410286668,
  "layer_9_v_proj": 0.00044156643866472223,
  "layer_10_q_proj": 0.00011410953783297373,
  "layer_10_v_proj": 0.00040073354719424967,
  "layer_11_q_proj": 0.00010473812119698777,
  "layer_11_v_proj": 0.0003780622195063188,
  "layer_12_q_proj": 9.556907919659352e-05,
  "layer_12_v_proj": 0.00033283117558767115,
  "layer_13_q_proj": 0.00013016878838698176,
  "layer_13_v_proj": 0.0004209261402547782,
  "layer_14_q_proj": 0.00012345960112497778,
  "layer_14_v_proj": 0.0003391034137985116,
  "layer_15_q_proj": 8.678397284256788e-05,
  "layer_15_v_proj": 0.00032655677872980957,
  "layer_16_q_proj": 8.612766282112716e-05,
  "layer_16_v_proj": 0.0003291627005273767,
  "layer_17_q_proj": 9.017474164465966e-05,
  "layer_17_v_proj": 0.00032699260797471654,
  "layer_18_q_proj": 0.00010068200124351279,
  "layer_18_v_proj": 0.0003435896870405486,
  "layer_19_q_proj": 0.00011333029834077025,
  "layer_19_v_proj": 0.0003730823079490619,
  "layer_20_q_proj": 9.201381267075704e-05,
  "layer_20_v_proj": 0.00031760886648498856,
  "layer_21_q_proj": 0.00010923855293185625,
  "layer_21_v_proj": 0.0003658232012639928,
  "layer_22_q_proj": 8.977522604254773e-05,
  "layer_22_v_proj": 0.0003438413011713237,
  "layer_23_q_proj": 0.00011284277962886335,
  "layer_23_v_proj": 0.000343536351028888,
  "layer_24_q_proj": 0.00011083873816687628,
  "layer_24_v_proj": 0.00036022484339810035,
  "layer_25_q_proj": 0.00011987573788474038,
  "layer_25_v_proj": 0.0003423234453612167,
  "layer_26_q_proj": 0.00010656488022732445,
  "layer_26_v_proj": 0.0005259784769100406,
  "layer_27_q_proj": 8.74022992115897e-05,
  "layer_27_v_proj": 0.00034065972890175546,
  "layer_28_q_proj": 0.0001359754663781132,
  "layer_28_v_proj": 0.0003818105489472145,
  "layer_29_q_proj": 0.0012488612112554164,
  "layer_29_v_proj": 0.0018678335811227952,
  "layer_30_q_proj": 8.75568894684875e-05,
  "layer_30_v_proj": 0.0007337728505717678,
  "layer_31_q_proj": 0.0004699427486627883,
  "layer_31_v_proj": 0.0005651798045369106
}