{
  "layer_0_q_proj": 0.008268955679814099,
  "layer_0_v_proj": 0.6043607768742367,
  "layer_1_q_proj": 0.04106881643645465,
  "layer_1_v_proj": 0.4643859319901094,
  "layer_2_q_proj": 0.07550558139570057,
  "layer_2_v_proj": 0.3930464206263423,
  "layer_3_q_proj": 0.06229872745927423,
  "layer_3_v_proj": 0.34014617211185394,
  "layer_4_q_proj": 0.06132492617936805,
  "layer_4_v_proj": 0.33536519698798656,
  "layer_5_q_proj": 0.06687193708494306,
  "layer_5_v_proj": 0.29717204094398764,
  "layer_6_q_proj": 0.06475919346325099,
  "layer_6_v_proj": 0.23604091559071094,
  "layer_7_q_proj": 0.08558252818882466,
  "layer_7_v_proj": 0.22801682638004422,
  "layer_8_q_proj": 0.07074935485143213,
  "layer_8_v_proj": 0.21646521719405426,
  "layer_9_q_proj": 0.06971496742218733,
  "layer_9_v_proj": 0.2307934964983724,
  "layer_10_q_proj": 0.07157565188128501,
  "layer_10_v_proj": 0.256146850483492,
  "layer_11_q_proj": 0.05100802709814161,
  "layer_11_v_proj": 0.22880459277890622,
  "layer_12_q_proj": 0.06121457711327821,
  "layer_12_v_proj": 0.24758825168944895,
  "layer_13_q_proj": 0.06379845047835261,
  "layer_13_v_proj": 0.20907463311916216,
  "layer_14_q_proj": 0.06061633262317627,
  "layer_14_v_proj": 0.17392283202148975,
  "layer_15_q_proj": 0.06373986903345212,
  "layer_15_v_proj": 0.22408593528438359,
  "layer_16_q_proj": 0.06771887147566304,
  "layer_16_v_proj": 0.19007319803349673,
  "layer_17_q_proj": 0.06877885105554014,
  "layer_17_v_proj": 0.16568705450044943,
  "layer_18_q_proj": 0.06735255111008882,
  "layer_18_v_proj": 0.21600969759514554,
  "layer_19_q_proj": 0.07000129643594846,
  "layer_19_v_proj": 0.17657090555410832,
  "layer_20_q_proj": 0.048524557263590395,
  "layer_20_v_proj": 0.1280101983982604,
  "layer_21_q_proj": 0.05937521621817723,
  "layer_21_v_proj": 0.11048383466899396,
  "layer_22_q_proj": 0.04691695704124868,
  "layer_22_v_proj": 0.12541357450303622,
  "layer_23_q_proj": 0.05034907752880827,
  "layer_23_v_proj": 0.1671041883318685,
  "layer_24_q_proj": 0.0424145584134385,
  "layer_24_v_proj": 0.12573928753379732,
  "layer_25_q_proj": 0.053620281915646044,
  "layer_25_v_proj": 0.17522940982598811,
  "layer_26_q_proj": 0.04825879446929321,
  "layer_26_v_proj": 0.08971071132342331,
  "layer_27_q_proj": 0.05036149039166048,
  "layer_27_v_proj": 0.09056889837840572,
  "layer_28_q_proj": 0.057270714009646326,
  "layer_28_v_proj": 0.1438457718899008,
  "layer_29_q_proj": 0.07825374538078904,
  "layer_29_v_proj": 0.12090382955269888,
  "layer_30_q_proj": 0.05309458341449499,
  "layer_30_v_proj": 0.0879516182525549,
  "layer_31_q_proj": 0.09311868123477324,
  "layer_31_v_proj": 0.11221998863620683
}